"0","NewTaipeiFactoryLocation <- read_csv(""D:/BigDataHW/HW6/NewTaipeiFactoryLocation_0002336861720153000188.csv"")
"
"2","Parsed with column specification:
cols(
  `<U+FEFF>""PRF""` = col_character(),
  FACT_NAME = col_character(),
  REGI_ID = col_character(),
  FACT_ADDR = col_character(),
  RES_NAME = col_character(),
  PRF8 = col_character(),
  PRD8 = col_character(),
  REGI_APP_DATE = col_character(),
  STATUS = col_character()
)
"
"2","Warning message:
"
"2","In strsplit(code, ""\n"", fixed = TRUE) :"
"2","
 "
"2"," input string 1 is invalid in this locale
"
